{"web":{"client_id":"40825223445-1np3krldod6mgqv2kf100upvh3okrd90.apps.googleusercontent.com","project_id":"final-boats","auth_uri":"https://accounts.google.com/o/oauth2/auth","token_uri":"https://oauth2.googleapis.com/token","auth_provider_x509_cert_url":"https://www.googleapis.com/oauth2/v1/certs","client_secret":"dt9cWfp9fc1SoH-VjnGFP-HG","redirect_uris":["https://final-boats.appspot.com/auth/redirect","http://localhost:8080/auth/redirect"],"javascript_origins":["https://final-boats.appspot.com","http://localhost:8080"]}}